Gene,baseMean,log2FoldChange,lfcSE,stat,pvalue,padj,significant,nonsignificant
ZNF263,4.729740382785201,1.0805605855249931,0.234388354696546,4.610129146236618,4.024189032267236e-06,0.0005073683286965603,True,False
SCIN,8.190090675436618,-1.8431995890019233,0.576103869971656,-3.1994223352337623,0.0013770328305535275,0.02995204081968871,True,False
TKTL1,4.017727581560978,-1.6933405910343136,0.5439019179250577,-3.113319764516133,0.0018499546415959632,0.03664520292477512,True,False
EHD2,10.871431050103986,-2.0384313794983666,0.6542121402373896,-3.115856851507975,0.00183411283132025,0.036444359146191915,True,False
MYOM2,6.387231568456871,-2.9386907715059842,0.8655240681177823,-3.3952733144632568,0.000685601216888159,0.019380477255963494,True,False
TMCC3,58.6845750089749,-1.6475941644830994,0.5534569077245535,-2.9769149892028817,0.0029116473275050234,0.04979860681268195,True,False
EVI5,44.70624025547523,1.4649024180349226,0.3590299660823238,4.080167552641073,4.500325015181292e-05,0.0028244991405853687,True,False
PTPN3,2.302555579775331,1.859790819382504,0.5500332970001343,3.381233153566792,0.00072161284444491,0.02012707112810863,True,False
SDHA,609.9738510734688,-1.8281493933475745,0.27563681644262017,-6.632457220126629,3.3014404341292117e-11,3.359687276074205e-08,True,False
NUAK1,15.894507826734152,-1.994615868916242,0.6581766121018169,-3.0305176942502543,0.002441348817900519,0.0442517768557617,True,False
CAMSAP3,7.0892322673527985,1.4166502604430808,0.3566254462124578,3.9723757109556304,7.115936687052669e-05,0.004039073704399975,True,False
CEACAM1,23.472901684369276,1.2864615121072187,0.2810787399473209,4.576872346689488,4.719792640774023e-06,0.0005529188612600867,True,False
MOK,6.281963155505786,-1.5738717222538916,0.47928890562584026,-3.2837641426287134,0.0010243060631845977,0.025273600716068555,True,False
ZMPSTE24,168.53414954305308,-3.2501763635177374,0.5248693566081107,-6.1923530543324405,5.927260032492605e-10,4.4445091412064287e-07,True,False
WNT11,2.08511988556535,-1.7040591105466265,0.47862189744179445,-3.5603450649765946,0.0003703677849213115,0.012653788565405097,True,False
HSD17B2,8.033893272180512,-5.251624327685699,0.8749131250880677,-6.002452331661017,1.943593328127702e-09,1.258653370265244e-06,True,False
CDHR5,7.3513503881384885,-1.0467574757422367,0.3153811962738091,-3.319023100012145,0.0009033295643658887,0.023207197675135825,True,False
SLC5A1,4.461358257476384,-4.252598506603005,1.3093820078478813,-3.2477905463147727,0.0011630485218722222,0.027114608405754883,True,False
FAM118A,86.59839230355136,1.3292186424295638,0.34556096175175166,3.8465532555858095,0.0001197911025376915,0.005755943299310779,True,False
PYGL,1.5879476574143792,-2.62879224393163,0.7295288025784451,-3.6034111808066136,0.00031406810016142736,0.01115842449625899,True,False
ALKBH1,98.50324522129837,-1.3214473140743805,0.28618771402359655,-4.6174145475910455,3.885505960048255e-06,0.0004987099406559233,True,False
RAB5IF,1.4439926791038389,-2.248393764391917,0.7500836538901731,-2.9975240131297753,0.00272182414834405,0.04781483186369627,True,False
SLCO4A1,4.859336240531489,1.2290170575450559,0.3711230496601908,3.3116160763131623,0.0009275874920584802,0.023683403224654422,True,False
TNNC2,2.69368455077643,-1.0046452832271289,0.28913393306616925,-3.474670968478862,0.0005114803072748939,0.015860413790715937,True,False
ASB9,16.407647054604737,-1.1078410688360292,0.3527953390488285,-3.1401805699102474,0.0016884372830102796,0.0346616224366678,True,False
TAF7L,7.86346834430997,-6.060012856248297,1.6070872672565606,-3.7708050954776535,0.0001627217281811738,0.0072446764418661975,True,False
FGF9,25.170857818523558,-1.084100814532395,0.307510652841185,-3.5254089720666775,0.0004228294646041265,0.013691025868670433,True,False
FLT1,23.035617178672677,-5.170076040460924,0.8980563578499915,-5.756961682046816,8.56413406483395e-09,4.207352345575492e-06,True,False
GABPB1,48.63679751441511,-1.0666359306175799,0.21847810616262645,-4.882118164387687,1.0495233020634594e-06,0.00018690698105622633,True,False
ECH1,11.878773180734271,3.927515961459184,0.7172852937145237,5.475528350958102,4.3620811333530036e-08,1.635436050181059e-05,True,False
SIGLEC6,3.3212984438812567,1.290653379731053,0.420501744127347,3.0693175420936774,0.00214548414330812,0.04037874846725335,True,False
RASIP1,1.3615683880930285,1.8201879125175462,0.49544544537666085,3.673841246302615,0.00023893121451948562,0.009351793992470088,True,False
GLI3,5.3226597952597015,-1.4021170170607675,0.4621350715986125,-3.033998290176463,0.002413357977744883,0.04380014154003994,True,False
RAPGEF1,9.683261134744887,1.556410543178086,0.47461129171100086,3.27933736588343,0.001040511648386189,0.02544580452002374,True,False
COL1A1,6.560576806202215,-1.524954809048419,0.4652623356789286,-3.277623594489218,0.001046848895249837,0.025467719692187453,True,False
ENPP5,90.79616965382621,-2.567461491627609,0.6538068841914662,-3.9269416607668086,8.603283814733857e-05,0.004642840322292169,True,False
GHR,11.047889237204716,-1.6777305791164043,0.5348103997536886,-3.1370567585991176,0.0017065308741633163,0.034882274554095795,True,False
HBEGF,9.832987141355947,2.112674398503637,0.4579369106440525,4.613461700504389,3.960172643287984e-06,0.0005037551754368206,True,False
CBLB,300.26346574756974,-1.1629932920854673,0.22011532521709315,-5.283563472640726,1.2669493931486743e-07,3.595057353099473e-05,True,False
CISH,602.7042085744005,2.324258341944591,0.2516844900920992,9.234809586772997,2.587458135236371e-20,1.2287838684237526e-16,True,False
IGFBP2,6.2425022406727555,-2.0152187157046217,0.4901336494335188,-4.111569809650386,3.929780130826076e-05,0.002568237501095372,True,False
ALDH8A1,5.951947971079471,1.722136669735328,0.36290770918932913,4.745384642233897,2.0811049048276705e-06,0.00031542022956467896,True,False
YIPF4,39.98537364131262,-1.0026124980282602,0.27409738108404064,-3.657869674139099,0.00025432029813464777,0.009825608476555267,True,False
IFNA6,4.8171981511498565,-2.6816093741968383,0.873832488441978,-3.0687911123310165,0.0021492681349080775,0.040396600419571736,True,False
EGR1,23.78195227674868,1.018348666848204,0.3027323680489041,3.3638578967006842,0.0007686110740581534,0.020937671074773446,True,False
SOCS2,8.166132246405253,1.296121531989527,0.35406079647789196,3.66073156046368,0.0002514961448078005,0.009763121457974751,True,False
CALD1,1.6273284268578116,-2.556693473714773,0.6994460842392135,-3.6553117264151744,0.00025686966436432203,0.009890870562698637,True,False
GRK4,4.977431679878403,-2.297252094024241,0.5464225348431921,-4.2041679241568755,2.6204434505944234e-05,0.001954631300555955,True,False
ADGRE2,76.12990402156424,-6.167012218959674,0.7806850620143251,-7.899487922886006,2.8005156932992e-15,6.64982451373895e-12,True,False
SGO1,9.362657868898253,1.5984713287877854,0.3904228794688165,4.094205060324742,4.236192753322743e-05,0.0026823572514039612,True,False
PLVAP,1.7024019874096745,3.2909357060090656,1.0255499253339946,3.2089473410446545,0.0013322188906651328,0.02947223996165551,True,False
GFPT2,7.719410261112506,-1.5334825948675506,0.4818892991574153,-3.182230021602158,0.0014614569847831557,0.031123135518991957,True,False
SLC14A2,3.503881809514558,-3.4029445193018595,0.629246512668863,-5.4079672287236615,6.374408427004618e-08,2.144900282565604e-05,True,False
RTN3,7.317083582680038,2.424763393586379,0.5146632947372201,4.711358704576805,2.4607067725262684e-06,0.0003541180746280984,True,False
ZFHX2,2.3105558049713695,2.350871241711153,0.46443958760950066,5.061737423829939,4.154529475914249e-07,8.968118400507623e-05,True,False
MYC,1166.2163773948773,1.033208037742884,0.257786640375805,4.007996831164946,6.123594178886809e-05,0.0036451560175915798,True,False
RNF38,4.95964661842964,-2.1556518215921265,0.5707976859782862,-3.7765601973273064,0.0001590091425081524,0.007146382502566711,True,False
THBS1,34.948198957759615,-1.4046822288153753,0.468768069630989,-2.99653990921594,0.002730624926780671,0.04785143091247751,True,False
BCAR3,5.453040721793598,-2.0891424689214597,0.7001045925135213,-2.9840433718924815,0.0028446644570996305,0.04906529602941699,True,False
ARHGAP29,2.905750382303522,-1.5550141241682556,0.5018575346543338,-3.0985170427685382,0.001944917834148044,0.037905943068546076,True,False
NOL3,9.229666187080127,1.269992715345111,0.4085136405034098,3.1088134873051083,0.0018784025561163079,0.037014662817412225,True,False
DEF8,17.913454281060268,-2.35379307531891,0.4046043954129817,-5.817517313217474,5.972807748902558e-09,3.2728689230236437e-06,True,False
DPEP3,10.192440567677547,-1.1380888041815955,0.295226380697802,-3.854969875969722,0.00011574388024502743,0.005647270759763376,True,False
PTPRF,2.8881100553499044,2.7543195440049493,0.8692037219158517,3.1687848021796636,0.0015307769036642211,0.03202493178634972,True,False
RGS16,6.700391594076207,1.41814541593191,0.4019385451536978,3.5282642907253985,0.0004182942928725089,0.013606024635969485,True,False
PAM,60.897736138436166,-2.6694538737405566,0.3749072156240639,-7.12030540489073,1.0768817515526872e-12,1.7047038127079039e-09,True,False
PRIM2,3.369871901382264,-3.5187371346024574,1.124222638000729,-3.1299290866976612,0.0017484850640242281,0.03538095459311908,True,False
ZNF711,7.264856516484594,-1.0501958159451565,0.3014542266736304,-3.483765437736428,0.0004944125866216607,0.015583840976988497,True,False
GNRH1,1.642543200186363,-1.281714766102854,0.4204687527692358,-3.0482996837729166,0.0023014029082019474,0.04240110105877906,True,False
NPAS3,12.4844090684994,-4.067006845755095,1.3161493083918074,-3.09008014502894,0.0020010249214646282,0.03868195665686101,True,False
ARL11,6.407615945722344,3.2385898132535647,0.5429429012644617,5.964881032077593,2.4481234504351966e-09,1.5164528173195758e-06,True,False
ZNF776,7.20434292754808,-1.934470855530068,0.5694037859474772,-3.397362123806649,0.0006803886468250932,0.019380477255963494,True,False
FARP1,23.669595143485317,-3.7388328425304285,0.5434934338829445,-6.879260372694187,6.016410799282521e-12,7.1429837214481725e-09,True,False
SLC16A12,3.037105148372521,-2.4108448006817103,0.6548289198820951,-3.6816406964979396,0.0002317378457925611,0.00920982337695943,True,False
PLA2R1,8.244069527394247,-1.7920862687469366,0.5313017004523705,-3.3730106024902358,0.0007435108959209085,0.020528681655397642,True,False
ADGRF1,16.558790322036092,-1.9242601704480145,0.3608435923544057,-5.332671027612665,9.677854623017034e-08,3.0640087736471935e-05,True,False
GPR15,133.73454727403046,1.8416005011722774,0.3800196016328217,4.846067132483466,1.2593291864428182e-06,0.00021880076730793698,True,False
PDLIM3,2.5080396722133997,-2.3582023223565836,0.7396118355787105,-3.1884323761685134,0.0014304646424579957,0.030738808086122265,True,False
CXADR,16.011753818517285,-3.12667295465347,0.5819502307709398,-5.372749746161976,7.754491626961822e-08,2.5108691411210245e-05,True,False
IL34,1.5590578350810496,-2.120722582295286,0.5078207450332234,-4.176124356945167,2.9651775942051512e-05,0.0021017355813254123,True,False
SLC5A11,1.5227535206518918,-2.5512936697764594,0.7044809253867259,-3.6215227096119356,0.00029287409036328385,0.010615364347140997,True,False
ZNF761,59.93501189249098,5.6378560760612375,0.6682288005723556,8.437014494484922,3.2554610507178954e-17,9.276110717915571e-14,True,False
PIERCE1,3.523125389705302,-1.6677943053026736,0.43129939916825966,-3.8669061643001026,0.00011022481512508121,0.005471682721557602,True,False
FBXO27,4.594370024813601,-2.828917835413957,0.8631955708535664,-3.277261759599388,0.0010481914595635415,0.025467719692187453,True,False
RAVER2,6.867874673613201,-1.2259163336256138,0.2536271971256461,-4.833536574621762,1.341286225920605e-06,0.00022434021129618187,True,False
RBM47,2.229434310924804,1.775479645593464,0.5180780580577176,3.4270504569326175,0.0006101756799846056,0.017998287604017962,True,False
NOS3,2330.906071279601,-8.094862626869357,0.6585935515166509,-12.291135569469205,1.010760948212903e-34,1.440031122918923e-30,True,False
FZD6,4.382244702676469,1.3285936399039509,0.3214628057748126,4.132962246446147,3.581175686794762e-05,0.002395352582618074,True,False
METTL27,7.275971905553552,1.7486744534529088,0.39333690849083636,4.445742099723774,8.758897689616575e-06,0.0008732477478890154,True,False
STOX1,3.8576163078768433,-1.9677764393728499,0.6203820741605951,-3.1718783010217373,0.0015145646197134812,0.03187297213745637,True,False
PPFIBP2,14.913401075037228,-1.024158144038861,0.3199892217698092,-3.200602002699985,0.0013714081839964315,0.029878457600469803,True,False
SEMA6B,20.7720862575179,1.9206523040550454,0.6408745005287979,2.996924206643076,0.0027271850901280253,0.04785000736336696,True,False
MIS12,2.1429177396672046,-2.2763349187015725,0.7015037859123527,-3.2449360422781552,0.0011747700593086293,0.027256913650390527,True,False
GNG4,17.209798243876712,1.8181216830305278,0.5978254425354151,3.041225002602365,0.0023561768567384946,0.04303647651019658,True,False
ROR2,8.142669763849913,-2.678637227202934,0.6987292082743389,-3.8335841631959267,0.00012628956387395564,0.005997491388374154,True,False
TM2D2,17.32136758265031,1.0218807590942172,0.2107153038660157,4.849580169763012,1.2372305770087234e-06,0.00021761511148942324,True,False
CMTM8,21.615375876841135,1.1619673257538108,0.3313020742677258,3.5072745267958174,0.00045272183198190406,0.014559656749991393,True,False
TMC7,8.853979271241595,-1.967685374610174,0.4723986207993138,-4.165307196030307,3.109336015909045e-05,0.0021715054028753024,True,False
PAQR8,8.982711823447728,1.5655882502542269,0.4643386452519669,3.3716518456151374,0.0007471883695449291,0.020590314701947013,True,False
LPAR3,15.180734415526166,1.210422442663578,0.3631880305568373,3.3327707435946246,0.0008598576351361137,0.022685910607007802,True,False
PEAK1,54.562211749664854,-1.4220044971118018,0.30043453316863167,-4.733159274715071,2.210518908531235e-06,0.000324672813297366,True,False
CBX2,3.149909083755125,1.1421853160389037,0.3674728269686688,3.1082170767861648,0.0018821976318488555,0.03703821776374398,True,False
ZNF404,4.9715628296380325,1.0243173911429675,0.31958964431400727,3.205101946721848,0.0013501465057503196,0.029711978196258537,True,False
EID2B,34.837631441993565,-1.17069155877681,0.26478750826367303,-4.421249198852107,9.81319202704273e-06,0.0009510785497229781,True,False
OR4X1,17.097352405591682,-3.0016332136721897,0.8449066417260271,-3.5526211600612694,0.00038141332651925043,0.0129073025118898,True,False
TCERG1L,2.751947915636328,-2.8209924834518074,0.6748320604095296,-4.180288176794469,2.9113990230216866e-05,0.0020785514856023445,True,False
METRNL,189.48764925063833,-1.370371895068835,0.44402356854464287,-3.0862593613227434,0.0020269193664668103,0.03886611065148404,True,False
AMER3,8.69915457910763,-2.3263581957936172,0.6445069295199577,-3.6095161886410403,0.00030676862968361543,0.01100889840579967,True,False
OR13D1,32.64808379860224,-8.069311245650136,1.568979515973576,-5.143031609716717,2.7034011507716403e-07,6.018024405475556e-05,True,False
GLIPR1L2,2.2259057119970085,1.2839701003665664,0.42677800392354226,3.00851985941757,0.0026252364355445726,0.046705134195622,True,False
AATK,3.8641893608788163,-2.0907291751497756,0.5796482327555981,-3.6068930378871826,0.00030988532510204634,0.011065003074508405,True,False
RIMBP3C,2.9016945874569093,3.3234979569006837,0.7899788848374544,4.20707188595873,2.587008675590487e-05,0.0019468190482441027,True,False
SOCS3,423.9497843924393,1.030409637637682,0.2393996085957059,4.3041408617247185,1.6763498448023293e-05,0.001404879778758752,True,False
RPS27L,111.27950323389071,-4.596312690523169,0.5302974193948101,-8.667424208416111,4.420056768267143e-18,1.5743137194375495e-14,True,False
RTN4RL1,3.479247330770762,1.7173018752458038,0.40588106952142267,4.231046984454552,2.3260607384167905e-05,0.0018410770744568899,True,False
OR4C46,8.169093027100574,2.839936738122646,0.7679399312031737,3.6981235416071687,0.0002171991779126265,0.008866580767109427,True,False
LCE3E,34.589599031311195,-8.069311245650136,2.2017537171125583,-3.6649472567860397,0.0002473895604238686,0.009629942806991408,True,False
SAPCD2,8.561460385632195,1.061332667548629,0.30533461131435047,3.475965803483567,0.0005090171867902436,0.015858836619546512,True,False
LINC02610,3.522377259926301,1.3433531015127558,0.4261009300688673,3.1526640913354504,0.0016178786200628907,0.033357332416839365,True,False
ZSCAN23,9.154365858444987,1.8235348613724516,0.4925645303865401,3.7021237804951816,0.00021380225867003266,0.008752990745034354,True,False
NCR3LG1,27.76102589552902,-1.063125051469328,0.21476451848015338,-4.950189440010187,7.414127815308245e-07,0.0001446973684721871,True,False
H3-5,4.034854260608573,1.1525329172862375,0.383147205743283,3.0080681785226426,0.0026291414762584764,0.046705134195622,True,False
SNTN,1.8677610356569923,3.2322780054420965,0.9810818392338375,3.294605889317348,0.0009855980322465568,0.024765106111846024,True,False
CALHM6,3.1278696777534902,-1.237204341253215,0.36881036581426424,-3.354581258912556,0.0007948520430136396,0.021570013441552998,True,False
ZNF836,64.9477263400427,-4.391820828283765,0.4522275839003848,-9.711527966527536,2.6926983800000166e-22,1.9181436909930117e-18,True,False
CHRNG,7.54267732242143,-2.0969819778080194,0.4792060815380541,-4.375950261477424,1.2090458418843917e-05,0.0011248123983913232,True,False
MMP17,1.7242664381260082,-1.4090605093927842,0.4602996237076112,-3.0611811020897974,0.002204657010958424,0.04115365787787079,True,False
STKLD1,8.291566994691372,-4.8387402878260835,1.1732337267330732,-4.124276499704618,3.7190191838330426e-05,0.0024759283323396897,True,False
IGFL2,2.852211654377156,3.6385052546845316,0.8705010841198157,4.179782565536389,2.917879533378739e-05,0.0020785514856023445,True,False
CRLF2,15.02661800951934,1.3395646603908378,0.41633881767533953,3.2174868244820463,0.0012931896640072172,0.028923191747426726,True,False
GAGE1,4.098675698118381,-4.521348312620708,1.1987960992548123,-3.771574094569742,0.00016222097237963295,0.0072446764418661975,True,False
HLA-A,3338.803747519134,1.1510545159015027,0.3116421926326475,3.6935130836353856,0.00022117712481860809,0.008977714393810069,True,False
KRTAP16-1,8.923714699309459,1.1498502848876,0.36090174125520874,3.186048038694534,0.0014423064623283227,0.030900060404197915,True,False
CFAP45,18.262407077799804,-1.0053642239243046,0.14861208978739987,-6.765023124044278,1.3328790899362186e-11,1.4607329534093313e-08,True,False
OR2A25,8.330988260061643,-5.236100145501854,0.9841245159114697,-5.320566717771804,1.0344450350393016e-07,3.073909180509125e-05,True,False
LINC02476,6.579254632251933,-4.4116151118078815,1.080784334800983,-4.081864410646035,4.467585964434745e-05,0.002816358284747868,True,False
LINC01709,53.24787510341176,-1.5807557059166355,0.3620128354776833,-4.3665736432543785,1.2621074728610154e-05,0.0011450341061426121,True,False
LINC02976,2.464280776690828,1.6894760921449397,0.5327696850599258,3.1711190398434694,0.0015185290128301103,0.0319092667342044,True,False
OR52I1,9.042325217657345,-5.786307257021098,1.4653682285951053,-3.9487052770132824,7.857501956091487e-05,0.004322748281991231,True,False
DLG5-AS1,2.9683442798312534,-2.209871397983025,0.7361192839127458,-3.002056115466426,0.0026816273849106947,0.04728359573369142,True,False
ZNF736,192.05670037640562,-1.2439621993982894,0.279851148842155,-4.445085198131254,8.785704265677624e-06,0.0008732477478890154,True,False
KDM5C-IT1,4.140739469809584,-3.358979677106391,0.8560087375603237,-3.9240016248895833,8.709014724259929e-05,0.004670305000406498,True,False
PRPF31-AS1,3.9058583663463673,-1.1017126804723694,0.3628395115596939,-3.0363635860289073,0.0023945043134465686,0.04356896928949331,True,False
NME1,8.014627540600586,1.0108000178029128,0.31718212266881807,3.1868127033701947,0.0014384989462792425,0.030864901336807787,True,False
CSTF3-DT,6.735063544335517,1.7073266138550665,0.5002246559707336,3.413119672283719,0.0006422373299444433,0.018673378040241804,True,False
NNT-AS1,1.4026618902477601,-1.6708630797694604,0.5427254621603754,-3.0786524610774944,0.0020793910133243363,0.03946808839337555,True,False
RNU6-781P,22.037105800379447,-4.110018783234939,0.8931417175462083,-4.60175434927246,4.189471415066086e-06,0.0005190208630473611,True,False
MIR100HG,3.603564344657893,1.4951235069394995,0.42385193698012813,3.5274664959466655,0.0004195568551744435,0.013616005730456255,True,False
PRECSIT,2.407283616532481,-2.864162275662545,0.6546563938833255,-4.375061944591659,1.2139799954114679e-05,0.0011248123983913232,True,False
OVCH1-AS1,5.18652709398474,-2.6646666918450412,0.6972535768634802,-3.8216608422889076,0.00013255591354754774,0.006217619762495587,True,False
FSBP,7.023758169167914,1.2009674441345703,0.3362294532132325,3.571868652961024,0.00035444317422075487,0.012208387517187285,True,False
LINC00221,3.502727135655456,-3.763437467774089,1.006101894091724,-3.7406126455726416,0.00018357224966772403,0.007901371120894455,True,False
WDR5-DT,4.749933996399997,-5.440382081642437,1.7926769906965245,-3.034781006213862,0.0024071039946323,0.04374236047388569,True,False
MAFIP,18.28347768715006,1.1847912131976297,0.26328247856938775,4.500076190544445,6.792911047075553e-06,0.0007168785458347068,True,False
H2BC7,11.434882718102774,2.2233423591174697,0.42385945988891977,5.24547065600503,1.558838700073035e-07,4.11273610369269e-05,True,False
