Gene,baseMean,log2FoldChange,lfcSE,stat,pvalue,padj,significant,nonsignificant
NOS3,2330.906071279601,-8.094862626869357,0.6585935515166509,-12.291135569469205,1.010760948212903e-34,1.440031122918923e-30,True,False
ZNF836,64.9477263400427,-4.391820828296815,0.45222758412587183,-9.711527961714088,2.6926985071803836e-22,1.918143781589946e-18,True,False
CISH,602.7042085744005,2.324258341952022,0.25168449038557833,9.234809576034182,2.5874583947790754e-20,1.228783991680583e-16,True,False
RPS27L,111.27950323389071,-4.5963126905280225,0.5302974198048577,-8.667424201723259,4.420057028001463e-18,1.5743138119484212e-14,True,False
ZNF761,59.93501189249098,5.637856076062583,0.6682288011183812,8.43701448759285,3.2554612426075144e-17,9.276111264685852e-14,True,False
ADGRE2,76.12990402156424,-6.167012218959556,0.7806850620143251,-7.899487922885855,2.8005156933025847e-15,6.649824513746987e-12,True,False
PAM,60.897736138436166,-2.6694538737559315,0.37490721578840813,-7.120305401810485,1.0768817756202378e-12,1.7047038508068364e-09,True,False
FARP1,23.669595143485317,-3.738832842543869,0.5434934340487481,-6.87926037062026,6.01641088686332e-12,7.142983825428477e-09,True,False
CFAP45,18.262407077799804,-1.005364223901126,0.14861208970925624,-6.765023127445514,1.3328790586238082e-11,1.4607329190933381e-08,True,False
SDHA,609.9738510734688,-1.828149393352393,0.27563681675779994,-6.632457212560158,3.301440603421567e-11,3.3596874483533614e-08,True,False
ZMPSTE24,168.53414954305308,-3.250176363504906,0.5248693570586487,-6.192353048992594,5.927260233358686e-10,4.4445092918242736e-07,True,False
HSD17B2,8.033893272180512,-5.251624327695784,0.874913125267588,-6.0024523304409225,1.943593342737392e-09,1.2586533797263465e-06,True,False
ARL11,6.407615945722344,3.238589813273966,0.542942901166933,5.964881033186638,2.448123433807477e-09,1.516452807019788e-06,True,False
DEF8,17.913454281060268,-2.35379307532237,0.40460439543508475,-5.817517312908222,5.972807759949134e-09,3.2728689290767428e-06,True,False
FLT1,23.035617178672677,-5.17007604045199,0.8980563586174871,-5.756961677116861,8.564134314843881e-09,4.207352468399338e-06,True,False
ECH1,11.878773180734271,3.927515961439811,0.7172852939146719,5.475528349403226,4.362081171657972e-08,1.6354360645423982e-05,True,False
SLC14A2,3.503881809514558,-3.4029445191594574,0.6292465124081509,-5.4079672307380084,6.374408355330524e-08,2.1449003186802484e-05,True,False
CXADR,16.011753818517285,-3.1266729546249925,0.5819502308815089,-5.372749745092231,7.754491672982473e-08,2.5108691560223022e-05,True,False
ADGRF1,16.558790322036092,-1.9242601704473834,0.3608435923505886,-5.3326710276673275,9.677854620102793e-08,3.064008772724545e-05,True,False
OR2A25,8.330988260061643,-5.2361001455099965,0.9841245163077512,-5.320566715637623,1.0344450471752497e-07,3.0739092232502524e-05,True,False
CBLB,300.26346574756974,-1.1629932920743469,0.22011532543497123,-5.283563467360343,1.2669494296840624e-07,3.5950573921268135e-05,True,False
H2BC7,11.434882718102774,2.2233423591219132,0.4238594598574133,5.245470656405422,1.5588386966875024e-07,4.112736094760527e-05,True,False
OR13D1,32.64808379860224,-8.069311245650136,1.5689795159735767,-5.143031609716715,2.70340115077166e-07,6.0180244054755995e-05,True,False
ZFHX2,2.3105558049713695,2.3508712416474005,0.4644395871325073,5.0617374288912265,4.1545293656000873e-07,8.968118162379461e-05,True,False
NCR3LG1,27.76102589552902,-1.063125051469748,0.21476451847294295,-4.950189440178338,7.414127808902331e-07,0.00014469736834716644,True,False
GABPB1,48.63679751441511,-1.0666359306359627,0.21847810621043942,-4.882118163403397,1.0495233073035836e-06,0.00018690698198942695,True,False
TM2D2,17.32136758265031,1.0218807590523302,0.21071530380730674,4.849580170915405,1.2372305698212065e-06,0.00021761511022521887,True,False
GPR15,133.73454727403046,1.8416005011770458,0.3800196019219532,4.846067128808965,1.2593292097544647e-06,0.0002188007713581934,True,False
RAVER2,6.867874673613201,-1.2259163336010412,0.2536271969584606,-4.8335365777110395,1.3412862050963504e-06,0.00022434021229150532,True,False
ALDH8A1,5.951947971079471,1.7221366697242244,0.36290770904961833,4.745384644030161,2.081104886358722e-06,0.0003154202267654544,True,False
PEAK1,54.562211749664854,-1.4220044971186308,0.3004345332732753,-4.733159273089206,2.210518926245329e-06,0.00032467281589914634,True,False
RTN3,7.317083582680038,2.424763393545526,0.5146632946567459,4.711358705234106,2.4607067645883084e-06,0.00035411807348575383,True,False
ALKBH1,98.50324522129837,-1.3214473141149394,0.28618771418929506,-4.617414545059351,3.8855060074353425e-06,0.00049870994673812,True,False
HBEGF,9.832987141355947,2.1126743985126226,0.4579369105912626,4.61346170105584,3.960172632776141e-06,0.0005037551740996578,True,False
ZNF263,4.729740382785201,1.080560585572139,0.23438835445090297,4.610129151269257,4.02418893484853e-06,0.0005073683164140443,True,False
RNU6-781P,22.037105800379447,-4.110018783175662,0.8931417182621934,-4.601754345517105,4.189471490618802e-06,0.0005190208724073571,True,False
CEACAM1,23.472901684369276,1.2864615121072933,0.28107873995158034,4.576872346620395,4.719792642332208e-06,0.0005529188648704147,True,False
MAFIP,18.28347768715006,1.1847912132002276,0.2632824785388595,4.500076191076106,6.792911030085518e-06,0.0007168785440416917,True,False
METTL27,7.275971905553552,1.7486744534541627,0.39333690836290597,4.445742101172912,8.758897630567068e-06,0.0008732477591612584,True,False
ZNF736,192.05670037640562,-1.2439621994087682,0.27985114907599984,-4.445085194454364,8.785704415941846e-06,0.0008732477591612584,True,False
EID2B,34.837631441993565,-1.1706915587831719,0.26478750830004266,-4.421249198268857,9.813192053535095e-06,0.0009510785522905749,True,False
PRECSIT,2.407283616532481,-2.8641622754842673,0.654656393457717,-4.375061947163674,1.2139799810974346e-05,0.001124812391944953,True,False
CHRNG,7.54267732242143,-2.0969819777742633,0.4792060814544203,-4.375950262170698,1.2090458380410839e-05,0.001124812391944953,True,False
LINC01709,53.24787510341176,-1.5807557059868136,0.36201283562602427,-4.366573641658955,1.2621074820756266e-05,0.001145034130982842,True,False
SOCS3,423.9497843924393,1.0304096376157226,0.23939960885370473,4.304140856994457,1.676349880614946e-05,0.0014048798087718316,True,False
RTN4RL1,3.479247330770762,1.717301875227486,0.40588106922707184,4.231046987477837,2.3260607071486733e-05,0.001841077049708175,True,False
RIMBP3C,2.9016945874569093,3.3234979569337058,0.7899788844265194,4.207071888188986,2.5870086500689256e-05,0.001946819041964781,True,False
GRK4,4.977431679878403,-2.2972520940045276,0.5464225346861786,-4.204167925328857,2.6204434370182525e-05,0.0019546312904292693,True,False
TCERG1L,2.751947915636328,-2.820992483473423,0.6748320599727862,-4.180288179531933,2.9113989879721795e-05,0.00207855146760629,True,False
IGFL2,2.852211654377156,3.6385052546852004,0.8705010837099151,4.179782567505329,2.9178795081158003e-05,0.00207855146760629,True,False
